19870;Eisenoxid (Fe2O3), braun
19879;Powder, Potassium Perchlorate
34300965A;Guanidinnitrat (CH6N403)
22797;Basisches Kupfer(II)Nitrat
23032;Calciumstearat
23284;Cyanursäure (C3H3N3O3), Gemahlen
25065;Titandioxid
25360;Kupferoxid (CuO) Schwarz, hohe Oberfläche
26741;Nitroguanidin
26933;Siliciumdioxid (SiO2) Sipernat D17
27056;Guanidinnitrat (CH6N403)
27057;NTO (C2H2N4O3)
27061;Aluminiumoxid (Al2O3)
27453;Guanidinnitrat (CH6N4O3) PC
34040018A;Trockenmittel 2mm für GG's
34303527A;Trockenmittel 2mm für TS-Fertigung
378;Kaliumnitrat (KNO3), M. Antibackmittel
447;Siliciumdioxid (SiO2) Pyrogen
34264335A;Aluminium Gries
34264336A;Kupferoxid (CuO) Oberfläche 30m2/g EPG
34297851A;Trockenmittel 3mm
27060;Mineralöl SAE5W60
A023M856B;Trockenmittel 5mm
25360;Kupferoxid schwarz hohe Oberfläche
